"","term","estimate","std.error","conf.low","conf.high","model_index"
"1","(Intercept)",-9.06457704585914,0.369675877639639,-9.78912845198606,-8.34002563973221,1
"2","intervention2017",-0.0759054383018739,0.0601357226105467,-0.193769288802836,0.0419584121990885,1
"3","poverty_rate_z",-0.16874301125052,0.29199846745441,-0.741049491002055,0.403563468501016,1
"4","disability_rate_z",-0.0535546658466372,0.261747344835164,-0.566570034772544,0.45946070307927,1
"5","noinsurance_rate_z",-0.117997051112753,0.202508079849653,-0.514905594196434,0.278911491970928,1
"6","rural_factor3",-1.08771463202831,0.471201012912007,-2.01125164681464,-0.164177617241985,1
"7","rural_factor4",-0.517035133060233,0.428377951748829,-1.35664049025897,0.322570224138508,1
"8","rural_factor5",-1.01673405017576,0.487792507443572,-1.97278979669365,-0.0606783036578751,1
"9","rural_factor6",-1.0665805396905,0.589112349828301,-2.22121952820173,0.0880584488207288,1
"10","(Intercept)",-9.01864464482859,0.276273909507003,-9.5601315573304,-8.47715773232679,2
"11","ER_annual_percapita_z",-0.105475364154724,0.121777152830651,-0.344154197842629,0.133203469533182,2
"12","intervention2017",-0.103341467080808,0.0637859390686783,-0.228359610375484,0.0216766762138676,2
"13","poverty_rate_z",-0.169793466887484,0.217131126947261,-0.595362655626709,0.255775721851742,2
"14","disability_rate_z",-0.0477607491348002,0.241447886613437,-0.520989911040447,0.425468412770846,2
"15","noinsurance_rate_z",-0.103855288182897,0.196323550182184,-0.48864237585702,0.280931799491226,2
"16","rural_factor3",-1.25920703508553,0.449619790341734,-2.14044563089178,-0.377968439279284,2
"17","rural_factor4",-0.528940398824423,0.411588607283351,-1.33563924554679,0.277758447897945,2
"18","rural_factor5",-1.05744969042521,0.470315506559563,-1.97925114465267,-0.135648236197758,2
"19","rural_factor6",-0.985885985407143,0.523227943573625,-2.0113939105164,0.0396219397021181,2
"20","ER_annual_percapita_z:intervention2017",-0.195296064827165,0.154850960027177,-0.498798369451884,0.108206239797555,2
"21","(Intercept)",-9.03139855834165,0.260519675135508,-9.54200773887132,-8.52078937781198,3
"22","OXYCODONE_annual_percapita_z",-0.245095353812053,0.125045813271912,-0.490180644242521,-1.0063381585157e-05,3
"23","intervention2017",-0.244418397821106,0.110267429246202,-0.460538587811481,-0.0282982078307306,3
"24","poverty_rate_z",-0.27147688117948,0.1891339736469,-0.642172657780352,0.0992188954213925,3
"25","disability_rate_z",0.128135000425195,0.270923636082183,-0.402865568856521,0.65913556970691,3
"26","noinsurance_rate_z",-0.08814860905512,0.208287742661469,-0.496385083092747,0.320087864982507,3
"27","rural_factor3",-1.06318413100793,0.478330968333732,-2.00069560163221,-0.125672660383644,3
"28","rural_factor4",-0.413368336169524,0.439938033016187,-1.27563103631064,0.448894363971596,3
"29","rural_factor5",-0.86993881301686,0.504281996600104,-1.85831336440501,0.118435738371294,3
"30","rural_factor6",-1.11042333573783,0.533996771585681,-2.15703777590643,-0.0638088955692353,3
"31","OXYCODONE_annual_percapita_z:intervention2017",-0.0589306618627359,0.11577875585599,-0.285852853515332,0.16799152978986,3
"32","(Intercept)",-9.09561708735186,0.343688463622602,-9.76923409795406,-8.42200007674965,4
"33","BUPRENORPHINE_annual_percapita_z",0.467133951198504,0.208577089582425,0.0583303676167669,0.875937534780242,4
"34","intervention2017",-0.126703782873321,0.0734260130693226,-0.270616124017561,0.0172085582709186,4
"35","poverty_rate_z",-0.0530042895546173,0.284957662318301,-0.611511044817213,0.505502465707978,4
"36","disability_rate_z",-0.194498685010516,0.276529820888769,-0.736487174603816,0.347489804582784,4
"37","noinsurance_rate_z",-0.309011823841347,0.232512164541169,-0.764727292309489,0.146703644626796,4
"38","rural_factor3",-0.965234600104715,0.467333382276401,-1.88119119813975,-0.049278002069679,4
"39","rural_factor4",-0.579306464458619,0.431207270171515,-1.42445718386662,0.265844254949383,4
"40","rural_factor5",-0.873257635806571,0.490122133573125,-1.83387936563583,0.0873640940226843,4
"41","rural_factor6",-0.980632251405502,0.583262719175867,-2.1238061745151,0.162541671704097,4
"42","BUPRENORPHINE_annual_percapita_z:intervention2017",-0.2458053070417,0.118601151055728,-0.478259291635921,-0.0133513224474791,4
"43","(Intercept)",-9.00763354201969,NA,NA,NA,5
"44","METHADONE_annual_percapita_z",-0.140749915231647,NA,NA,NA,5
"45","intervention2017",-0.120847733062977,NA,NA,NA,5
"46","poverty_rate_z",-0.128229671394957,NA,NA,NA,5
"47","disability_rate_z",-0.0116049606229834,NA,NA,NA,5
"48","noinsurance_rate_z",-0.143821980995218,NA,NA,NA,5
"49","rural_factor3",-1.08313634488813,NA,NA,NA,5
"50","rural_factor4",-0.56720605701357,NA,NA,NA,5
"51","rural_factor5",-1.06578253190164,NA,NA,NA,5
"52","rural_factor6",-1.08189352104,NA,NA,NA,5
"53","METHADONE_annual_percapita_z:intervention2017",0.0595657566974805,NA,NA,NA,5
"54","(Intercept)",-9.02531387605879,0.276118013711231,-9.56649523841554,-8.48413251370204,6
"55","rural_factor3",-1.27925879621776,0.467942651102595,-2.19640953920904,-0.362108053226487,6
"56","rural_factor4",-0.628145633382589,0.432394769324072,-1.47562380836127,0.219332541596095,6
"57","rural_factor5",-1.03271559909422,0.501777366096949,-2.01618116490161,-0.0492500332868353,6
"58","rural_factor6",-1.28033994395465,0.603397532048728,-2.46297737513051,-0.0977025127787923,6
"59","intervention2017",-0.152518581959905,0.0731438272910331,-0.295877849141748,-0.00915931477806212,6
"60","poverty_rate_z",-0.171539044375099,0.217827018286311,-0.598472155076017,0.255394066325818,6
"61","disability_rate_z",-0.0421461965669774,0.246000491404894,-0.524298299899725,0.44000590676577,6
"62","noinsurance_rate_z",-0.115813204201147,0.201621054226857,-0.510983209010784,0.279356800608491,6
"63","rural_factor3:intervention2017",0.378710645649511,0.181079023176573,0.0238022818677336,0.733619009431288,6
"64","rural_factor4:intervention2017",0.226340812844309,0.188054646872676,-0.142239522151534,0.594921147840153,6
"65","rural_factor5:intervention2017",0.0220414366764728,0.276526333341089,-0.51994021744898,0.564023090801925,6
"66","rural_factor6:intervention2017",0.404955847710496,0.497191145129113,-0.569520890174792,1.37943258559578,6
"67","(Intercept)",-9.00160013408566,0.292705714201248,-9.57529279198918,-8.42790747618214,7
"68","ER_annual_percapita_z",-0.152502320933885,0.125140523340798,-0.397773239688344,0.0927685978205738,7
"69","OXYCODONE_annual_percapita_z",-0.249752213852447,0.126970145727651,-0.498609126590445,-0.000895301114448716,7
"70","intervention2017",-0.184877227697593,0.110651742135189,-0.401750657109177,0.0319962017139903,7
"71","poverty_rate_z",-0.257994482596117,0.230734034193122,-0.71022487962227,0.194235914430035,7
"72","disability_rate_z",0.0892230505386603,0.268330295604888,-0.436694664807907,0.615140765885227,7
"73","noinsurance_rate_z",-0.0672677281015262,0.201587680537233,-0.46237232168147,0.327836865478417,7
"74","rural_factor3",-1.25062324590106,0.463771645000403,-2.15959896715275,-0.341647524649381,7
"75","rural_factor4",-0.475266662550183,0.425304656270465,-1.30884847129748,0.358315146197115,7
"76","rural_factor5",-0.959894881119568,0.488902072918644,-1.91812533600708,-0.00166442623205132,7
"77","rural_factor6",-1.03722730782525,0.542846578730163,-2.10118705126716,0.0267324356166514,7
"78","ER_annual_percapita_z:intervention2017",-0.159285608149155,0.157327585542804,-0.467642009587694,0.149070793289385,7
"79","OXYCODONE_annual_percapita_z:intervention2017",0.0891542764523657,0.119972532975713,-0.145987567314075,0.324296120218806,7
"80","(Intercept)",-9.07866142898489,0.261740352289663,-9.59166309277345,-8.56565976519632,8
"81","ER_annual_percapita_z",-0.103541139149784,0.125207610981278,-0.34894354726339,0.141861268963821,8
"82","BUPRENORPHINE_annual_percapita_z",0.369621994098468,0.184179161097792,0.00863747164399592,0.730606516552941,8
"83","intervention2017",-0.161898214850486,0.076175075082678,-0.31119861853217,-0.0125978111688029,8
"84","poverty_rate_z",-0.0706833005686804,0.196860571631155,-0.456522930941712,0.315156329804351,8
"85","disability_rate_z",-0.203965696124778,0.247174888563596,-0.688419575592128,0.280488183342572,8
"86","noinsurance_rate_z",-0.260670716218184,0.227179695840247,-0.705934738083832,0.184593305647464,8
"87","rural_factor3",-1.11681885607031,0.458291648623597,-2.01505398178805,-0.218583730352578,8
"88","rural_factor4",-0.600076745741792,0.413527162476988,-1.41057509082573,0.210421599342147,8
"89","rural_factor5",-0.939677379877304,0.479116115961475,-1.87872771157451,-0.000627048180097289,8
"90","rural_factor6",-0.8825063686887,0.521410998944854,-1.90445314776367,0.139440410386266,8
"91","ER_annual_percapita_z:intervention2017",-0.160152424660673,0.160560213329729,-0.474844660137009,0.154539810815663,8
"92","BUPRENORPHINE_annual_percapita_z:intervention2017",-0.0964048562384183,0.12469122480377,-0.340795166041995,0.147985453565159,8
"93","(Intercept)",-8.94970010115806,0.400060825483824,-9.73380491073172,-8.1655952915844,9
"94","ER_annual_percapita_z",-0.186865206131481,0.129461786434119,-0.44060564491657,0.066875232653608,9
"95","METHADONE_annual_percapita_z",-0.195912211724812,0.118549859687028,-0.428265667083663,0.03644124363404,9
"96","intervention2017",-0.157869303175626,0.11322066166847,-0.379777722351622,0.0640391160003698,9
"97","poverty_rate_z",-0.131345997561643,0.320016892707947,-0.758567581713637,0.495875586590352,9
"98","disability_rate_z",0.00123520829882503,0.269368381874777,-0.52671711874957,0.52918753534722,9
"99","noinsurance_rate_z",-0.115860503206234,0.206272423129007,-0.520147023542894,0.288426017130426,9
"100","rural_factor3",-1.27390735412711,0.4778726921656,-2.21052061996689,-0.337294088287344,9
"101","rural_factor4",-0.642751204708091,0.449978465766091,-1.52469279142822,0.239190382012038,9
"102","rural_factor5",-1.16668900214829,0.509281190001512,-2.16486179255495,-0.168516211741627,9
"103","rural_factor6",-1.00578639806726,0.634917214127729,-2.25020127092212,0.238628474787591,9
"104","ER_annual_percapita_z:intervention2017",-0.124895180848438,0.163779073694273,-0.445896266710545,0.196105905013669,9
"105","METHADONE_annual_percapita_z:intervention2017",0.0782543028134449,0.123127229830431,-0.163070633170386,0.319579238797275,9
"106","(Intercept)",-8.98688727751748,0.0794816767010711,-9.14266850128243,-8.83110605375252,10
"107","ER_annual_percapita_z",-0.210875830109943,0.135877301466894,-0.477190447301547,0.0554387870816616,10
"108","rural_factor3",-1.34759987495825,0.445190060725481,-2.22015636025539,-0.475043389661104,10
"109","rural_factor4",-0.781374842971168,0.416417601830056,-1.59753834508662,0.0347886591442824,10
"110","rural_factor5",-1.10376696798597,0.479739225444219,-2.04403857182778,-0.163495364144158,10
"111","rural_factor6",-1.33144179410934,0.513907997984895,-2.33868296152682,-0.324200626691867,10
"112","intervention2017",-0.150415832998519,0.0734253555828715,-0.294326885492994,-0.00650478050404402,10
"113","poverty_rate_z",-0.190296806052926,0.0293954648267426,-0.247910858422155,-0.132682753683696,10
"114","disability_rate_z",-0.03419855842685,0.227816160489373,-0.480710028082217,0.412312911228517,10
"115","noinsurance_rate_z",-0.0741577294965343,0.194556269212892,-0.455481010120281,0.307165551127212,10
"116","ER_annual_percapita_z:intervention2017",-0.0885186428577371,0.169820811333159,-0.421361316896101,0.244324031180627,10
"117","rural_factor3:intervention2017",0.149484890547517,0.208986473569822,-0.260121070905365,0.559090852000399,10
"118","rural_factor4:intervention2017",0.389461134341399,0.208733055780932,-0.0196481373722174,0.798570406055016,10
"119","rural_factor5:intervention2017",-0.0225353622541747,0.280924062541256,-0.573136407225714,0.528065682717365,10
"120","rural_factor6:intervention2017",0.627140765961031,0.511627228363091,-0.375630175140676,1.62991170706274,10
"121","(Intercept)",-9.02671383690326,0.333377780048491,-9.68012227904422,-8.3733053947623,11
"122","OXYCODONE_annual_percapita_z",-0.310895774924627,0.133477949649325,-0.572507748967554,-0.0492838008816995,11
"123","BUPRENORPHINE_annual_percapita_z",0.540789216629266,0.20271761049871,0.143470001019777,0.938108432238756,11
"124","intervention2017",-0.270043107570025,0.136338582165131,-0.537261818316936,-0.00282439682311347,11
"125","poverty_rate_z",-0.130645315323725,0.286617571494919,-0.692405432790099,0.43111480214265,11
"126","disability_rate_z",-0.0146653862466656,0.278551064114355,-0.560615439766109,0.531284667272778,11
"127","noinsurance_rate_z",-0.291371884780563,0.224212774089765,-0.730820846870319,0.148077077309192,11
"128","rural_factor3",-0.922754104548362,0.448328890978738,-1.80146258409547,-0.0440456250012512,11
"129","rural_factor4",-0.508766293805949,0.41258426873761,-1.31741660111946,0.299884013507562,11
"130","rural_factor5",-0.70678201145512,0.479089056783244,-1.64577930813754,0.232215285227303,11
"131","rural_factor6",-1.04098715807292,0.573590512099382,-2.16520390366159,0.083229587515756,11
"132","OXYCODONE_annual_percapita_z:intervention2017",0.0545168897533436,0.150825906391865,-0.241096454710322,0.350130234217009,11
"133","BUPRENORPHINE_annual_percapita_z:intervention2017",-0.303186317883642,0.14709335884393,-0.591484003582771,-0.0148886321845125,11
"134","(Intercept)",-9.05295172690459,0.302302198974494,-9.64545314934186,-8.46045030446732,12
"135","OXYCODONE_annual_percapita_z",-0.273020982876599,0.161502997284122,-0.589561040948749,0.0435190751955503,12
"136","METHADONE_annual_percapita_z",-0.00924294395989473,0.143716208135472,-0.290921535900082,0.272435647980292,12
"137","intervention2017",-0.209034270113207,0.124049481606119,-0.452166786362065,0.0340982461356504,12
"138","poverty_rate_z",-0.312967235001776,0.24790605510553,-0.798854174558016,0.172919704554464,12
"139","disability_rate_z",0.147209383727493,0.277553451524636,-0.396785385045577,0.691204152500562,12
"140","noinsurance_rate_z",-0.0720230701854406,0.212868068719034,-0.489236818333345,0.345190677962464,12
"141","rural_factor3",-1.06722855099211,0.481025409489439,-2.01002102924004,-0.124436072744177,12
"142","rural_factor4",-0.370456443324891,0.461137408884382,-1.2742691566624,0.533356270012618,12
"143","rural_factor5",-0.817094297357398,0.533089143886292,-1.86192981992382,0.227741225209024,12
"144","rural_factor6",-1.10197352460655,0.554920211897316,-2.18959715421862,-0.0143498949944716,12
"145","OXYCODONE_annual_percapita_z:intervention2017",-0.0882621788344338,0.126088626670579,-0.335391345968885,0.158866988300018,12
"146","METHADONE_annual_percapita_z:intervention2017",0.148101993531131,0.129132204147534,-0.104992475842308,0.401196462904571,12
"147","(Intercept)",-8.98887890236247,0.295629456980721,-9.56830199081382,-8.40945581391112,13
"148","OXYCODONE_annual_percapita_z",-0.192441083257875,0.131150796251751,-0.449491920455058,0.0646097539393085,13
"149","rural_factor3",-1.23957813029463,0.489685885150146,-2.19934482892653,-0.27981143166273,13
"150","rural_factor4",-0.58498261381396,0.454001545334201,-1.47480929159452,0.304844063966602,13
"151","rural_factor5",-0.902543276765941,0.526329795337981,-1.93413071961872,0.129044166086839,13
"152","rural_factor6",-1.38843192631528,0.625624222788742,-2.61463287083707,-0.162230981793479,13
"153","intervention2017",-0.363829257654758,0.123971850687518,-0.606809620099071,-0.120848895210445,13
"154","poverty_rate_z",-0.272179890999771,0.230794816151521,-0.724529418475295,0.180169636475752,13
"155","disability_rate_z",0.13441776688547,0.275913208101893,-0.406362183853145,0.675197717624084,13
"156","noinsurance_rate_z",-0.087328771523991,0.20807456238662,-0.495147419900699,0.320489876852717,13
"157","OXYCODONE_annual_percapita_z:intervention2017",-0.170745894659825,0.128928298546074,-0.423440716398157,0.0819489270785071,13
"158","rural_factor3:intervention2017",0.344174001536277,0.182144138825498,-0.0128219505567632,0.701169953629317,13
"159","rural_factor4:intervention2017",0.324240786761225,0.204415158690464,-0.0764055621661249,0.724887135688574,13
"160","rural_factor5:intervention2017",0.0300108622811696,0.285543262905418,-0.529643649041502,0.589665373603841,13
"161","rural_factor6:intervention2017",0.575164395666107,0.500991876610288,-0.406761639037192,1.55709043036941,13
"162","(Intercept)",-9.02876687897662,0.317683529427077,-9.65141515513526,-8.40611860281798,14
"163","BUPRENORPHINE_annual_percapita_z",0.426322353172741,0.194902808886316,0.0443198672698693,0.808324839075613,14
"164","METHADONE_annual_percapita_z",-0.114977108034178,0.117706671825183,-0.345677945551613,0.115723729483257,14
"165","intervention2017",-0.166948428848777,0.111042056079161,-0.38458685953321,0.0506900018356556,14
"166","poverty_rate_z",-0.027872674614229,0.244861094171489,-0.507791600405418,0.45204625117696,14
"167","disability_rate_z",-0.140194639297918,0.269607221550442,-0.668615083508695,0.388225804912859,14
"168","noinsurance_rate_z",-0.302709234137373,0.234656237924602,-0.762627009217254,0.157208540942509,14
"169","rural_factor3",-0.980114321507796,0.474388709600679,-1.90989910699756,-0.0503295360180345,14
"170","rural_factor4",-0.638423533189187,0.444220245579469,-1.50907921572848,0.23223214935011,14
"171","rural_factor5",-0.945068654486658,0.50778114955282,-1.94030141963853,0.050164110665217,14
"172","rural_factor6",-1.01776557156734,0.56550787529364,-2.12614064011664,0.090609496981966,14
"173","BUPRENORPHINE_annual_percapita_z:intervention2017",-0.249300953658411,0.117619450674271,-0.479830840861367,-0.0187710664554549,14
"174","METHADONE_annual_percapita_z:intervention2017",0.0198792428002637,0.119562364113569,-0.214458684768795,0.254217170369323,14
"175","(Intercept)",-9.07062797982067,0.361221711874477,-9.77860952552855,-8.36264643411279,15
"176","BUPRENORPHINE_annual_percapita_z",0.448379871239332,0.22976971660658,-0.00196049804753995,0.898720240526203,15
"177","rural_factor3",-1.05831553412619,0.48211185272009,-2.00323740197744,-0.113393666274933,15
"178","rural_factor4",-0.747356397326551,0.44497019690705,-1.61948195745806,0.124769162804962,15
"179","rural_factor5",-0.850288849353294,0.509287562143729,-1.84847412892921,0.14789643022262,15
"180","rural_factor6",-1.14436790245158,0.65101244155721,-2.4203288413912,0.131593036488035,15
"181","intervention2017",-0.172911350937282,0.0844120961270033,-0.338356019205741,-0.00746668266882256,15
"182","poverty_rate_z",-0.0716482279294369,0.306969164338426,-0.673296734397109,0.530000278538236,15
"183","disability_rate_z",-0.173169434247824,0.287409537558157,-0.736481776675124,0.390142908179477,15
"184","noinsurance_rate_z",-0.288499136258276,0.233836380611121,-0.746810020531274,0.169811748014721,15
"185","BUPRENORPHINE_annual_percapita_z:intervention2017",-0.257224212127998,0.143025180488265,-0.537548414767338,0.0230999905113421,15
"186","rural_factor3:intervention2017",0.179606028902198,0.208384873558444,-0.228820818195285,0.588032875999681,15
"187","rural_factor4:intervention2017",0.318094986669897,0.194655494717287,-0.0634227723688116,0.699612745708607,15
"188","rural_factor5:intervention2017",-0.0936368085511787,0.278388486737783,-0.63926821626784,0.451994599165482,15
"189","rural_factor6:intervention2017",0.301208577185739,0.501396126488406,-0.681509772719427,1.2839269270909,15
"190","(Intercept)",-8.95640196333552,0.382441203580962,-9.70597294855835,-8.20683097811268,16
"191","METHADONE_annual_percapita_z",-0.146733665293929,0.1212891672212,-0.384456064762337,0.0909887341744795,16
"192","rural_factor3",-1.27469892845737,0.49960658624583,-2.2539098439382,-0.295488012976537,16
"193","rural_factor4",-0.676330869193505,0.467066768066018,-1.59176491297842,0.239103174591412,16
"194","rural_factor5",-1.07993689383288,0.534678906092046,-2.12788829306657,-0.0319854945991984,16
"195","rural_factor6",-1.27826736151553,0.671631630061979,-2.59464116731494,0.0381064442838759,16
"196","intervention2017",-0.228450781701541,0.119967077149104,-0.463581932244324,0.00668036884124112,16
"197","poverty_rate_z",-0.121455729670769,0.302010359607472,-0.713385157459405,0.470473698117867,16
"198","disability_rate_z",0.00847452677300376,0.279347917524265,-0.539037330730821,0.555986384276828,16
"199","noinsurance_rate_z",-0.143760908787497,0.210690024746987,-0.556705769193443,0.26918395161845,16
"200","METHADONE_annual_percapita_z:intervention2017",-0.0101911830590958,0.122327036347035,-0.249947768634807,0.229565402516615,16
"201","rural_factor3:intervention2017",0.390301616238126,0.18312873286607,0.031375895286172,0.74922733719008,16
"202","rural_factor4:intervention2017",0.182071438655027,0.188405168966616,-0.187195907020723,0.551338784330778,16
"203","rural_factor5:intervention2017",-0.0407564937283341,0.279849088298809,-0.589250627900368,0.5077376404437,16
"204","rural_factor6:intervention2017",0.353727369670108,0.498112398359364,-0.622554991367114,1.33000973070733,16
"205","(Intercept)",-9.01413581998896,0.294959613163208,-9.59224603868271,-8.43602560129521,17
"206","ER_annual_percapita_z",-0.146209027718694,0.127330958146329,-0.395773119802475,0.103355064365087,17
"207","OXYCODONE_annual_percapita_z",-0.300142618480413,0.13113142504835,-0.557155488816592,-0.0431297481442333,17
"208","BUPRENORPHINE_annual_percapita_z",0.451778512738095,0.194328069104927,0.0709024961072268,0.832654529368963,17
"209","intervention2017",-0.249755395479909,0.138528781910642,-0.521266818846971,0.0217560278871526,17
"210","poverty_rate_z",-0.137570647865537,0.239523086051188,-0.607027269991753,0.33188597426068,17
"211","disability_rate_z",-0.0359011470957481,0.262704614096718,-0.55079272929781,0.478990435106313,17
"212","noinsurance_rate_z",-0.24578077938429,0.219576940370056,-0.676143674345098,0.184582115576518,17
"213","rural_factor3",-1.07112227719377,0.44083867822005,-1.93515020949731,-0.207094344890231,17
"214","rural_factor4",-0.539013908288081,0.40173987236215,-1.32640958927161,0.248381772695451,17
"215","rural_factor5",-0.784848139328569,0.466653004986488,-1.69947122237948,0.129774943722338,17
"216","rural_factor6",-0.970133062176655,0.541870170946668,-2.03217908152869,0.0919129571753764,17
"217","ER_annual_percapita_z:intervention2017",-0.077747655169941,0.161442708901933,-0.394169550184314,0.238674239844432,17
"218","OXYCODONE_annual_percapita_z:intervention2017",0.106776932524857,0.152617617575926,-0.192348101330265,0.405901966379979,17
"219","BUPRENORPHINE_annual_percapita_z:intervention2017",-0.195387722749109,0.153057741885068,-0.49537538439887,0.104599938900652,17
"220","(Intercept)",-8.99762718674899,0.278441300901974,-9.54336210832534,-8.45189226517264,18
"221","ER_annual_percapita_z",-0.219239222565438,0.128811380478551,-0.471704889102285,0.0332264439714082,18
"222","OXYCODONE_annual_percapita_z",-0.250681952167923,0.156497914449706,-0.557412228144976,0.0560483238091306,18
"223","METHADONE_annual_percapita_z",-0.0660883384286195,0.142301127436464,-0.344993423163534,0.212816746306294,18
"224","intervention2017",-0.153892937944264,0.12297623228398,-0.394921924175298,0.0871360482867692,18
"225","poverty_rate_z",-0.274850152850772,0.21905041650775,-0.704181080004459,0.154480774302916,18
"226","disability_rate_z",0.109499660603449,0.267124776155221,-0.414055280039107,0.633054601246006,18
"227","noinsurance_rate_z",-0.0589373093354626,0.206620012354656,-0.463905092035809,0.346030473364884,18
"228","rural_factor3",-1.25486352077733,0.466655363279437,-2.16949122599748,-0.340235815557174,18
"229","rural_factor4",-0.491414843434979,0.444377768104983,-1.36237926445104,0.37954957758108,18
"230","rural_factor5",-0.960745964873858,0.513617824268674,-1.96741840225828,0.0459264725105651,18
"231","rural_factor6",-1.04143047246708,0.525416792586616,-2.0712284628094,-0.011632482124764,18
"232","ER_annual_percapita_z:intervention2017",-0.0701858420334614,0.163658779322907,-0.390951155260147,0.250579471193224,18
"233","OXYCODONE_annual_percapita_z:intervention2017",0.0560073387500444,0.130562753149076,-0.199890955144538,0.311905632644627,18
"234","METHADONE_annual_percapita_z:intervention2017",0.147273590655161,0.133487043100372,-0.114356206224314,0.408903387534636,18
"235","(Intercept)",-8.94932707444476,0.298490300058635,-9.53435731229424,-8.36429683659529,19
"236","ER_annual_percapita_z",-0.200702391222394,0.136111351189605,-0.467475737441102,0.0660709549963144,19
"237","OXYCODONE_annual_percapita_z",-0.200060171693532,0.130303588123769,-0.45545051147246,0.0553301680853966,19
"238","rural_factor3",-1.311901839597,0.471787319115929,-2.23658799342693,-0.387215685767077,19
"239","rural_factor4",-0.697245494775607,0.446388197782396,-1.57215028555285,0.177659296001631,19
"240","rural_factor5",-0.974056198641929,0.509804653857138,-1.97325495935283,0.0251425620689706,19
"241","rural_factor6",-1.4175229007866,0.611899578547306,-2.61682403689455,-0.218221764678639,19
"242","intervention2017",-0.304219176659057,0.122546259934805,-0.544405432571359,-0.0640329207467541,19
"243","poverty_rate_z",-0.277483900761458,0.236116246379029,-0.740263239829142,0.185295438306225,19
"244","disability_rate_z",0.129378629018721,0.269086075883221,-0.398020388453603,0.656777646491046,19
"245","noinsurance_rate_z",-0.0527152381652735,0.201398221765873,-0.447448499376795,0.342018023046248,19
"246","ER_annual_percapita_z:intervention2017",-0.0627834388169096,0.173404979344982,-0.402650953072986,0.277084075439167,19
"247","OXYCODONE_annual_percapita_z:intervention2017",-0.0808204557724855,0.129328186049995,-0.33429904261637,0.172658131071399,19
"248","rural_factor3:intervention2017",0.146968230995577,0.209512699236567,-0.263669113811867,0.557605575803022,19
"249","rural_factor4:intervention2017",0.399523507333724,0.221352328833844,-0.0343190850746773,0.833366099742126,19
"250","rural_factor5:intervention2017",-0.0440462400900224,0.291657598068037,-0.615684628120833,0.527592147940788,19
"251","rural_factor6:intervention2017",0.689407499622739,0.51283488605852,-0.315730407067663,1.69454540631314,19
"252","(Intercept)",-8.99789876249983,0.321589179473973,-9.6282019720866,-8.36759555291305,20
"253","ER_annual_percapita_z",-0.167291378091671,0.130562024658098,-0.423188244170173,0.088605487986831,20
"254","BUPRENORPHINE_annual_percapita_z",0.302202223855703,0.200842238232598,-0.0914413296546033,0.695845777366008,20
"255","METHADONE_annual_percapita_z",-0.15113198875217,0.118799801526631,-0.383975321114874,0.0817113436105343,20
"256","intervention2017",-0.189583192190629,0.116257499810482,-0.417443704751846,0.0382773203705878,20
"257","poverty_rate_z",-0.0485274965487442,0.252561247931041,-0.543538446384076,0.446483453286587,20
"258","disability_rate_z",-0.133068706942521,0.268402782634325,-0.659128494256131,0.392991080371088,20
"259","noinsurance_rate_z",-0.24503373213463,0.231096823919885,-0.697975183959199,0.207907719689938,20
"260","rural_factor3",-1.15545113703908,0.466409380971034,-2.06959672579393,-0.241305548284233,20
"261","rural_factor4",-0.668816054042448,0.435637523075383,-1.52264990958443,0.185017801499539,20
"262","rural_factor5",-1.03464472679676,0.498311677366036,-2.01131766750993,-0.057971786083588,20
"263","rural_factor6",-0.928748491102548,0.562296370513166,-2.03082912594594,0.173332143740848,20
"264","ER_annual_percapita_z:intervention2017",-0.108752341120735,0.166436440428642,-0.434961770075919,0.21745708783445,20
"265","BUPRENORPHINE_annual_percapita_z:intervention2017",-0.084253286907204,0.127441339690329,-0.334033722841783,0.165527149027375,20
"266","METHADONE_annual_percapita_z:intervention2017",0.0631476030833636,0.122859689095636,-0.177652962695871,0.303948168862598,20
"267","(Intercept)",-9.04033561838224,0.288183025713161,-9.60516396973582,-8.47550726702867,21
"268","ER_annual_percapita_z",-0.248562032340102,0.144507008725532,-0.53179056495576,0.0346665002755555,21
"269","BUPRENORPHINE_annual_percapita_z",0.435176636610477,0.204242474345871,0.0348687427792232,0.83548453044173,21
"270","rural_factor3",-1.11317325710294,0.46154168372983,-2.01777833457738,-0.208568179628493,21
"271","rural_factor4",-0.904412810372871,0.432163004560767,-1.75143673476259,-0.0573888859831486,21
"272","rural_factor5",-0.920624264276081,0.490835305836032,-1.88264378605541,0.0413952575032436,21
"273","rural_factor6",-1.2166262673002,0.606313285381881,-2.40497846999684,-0.0282740646035531,21
"274","intervention2017",-0.162805073009961,0.0834566930654202,-0.326377185686998,0.000767039667076613,21
"275","poverty_rate_z",-0.0955578517447932,0.226337913960697,-0.539172011443686,0.348056307954099,21
"276","disability_rate_z",-0.152423806058582,0.249402861462774,-0.641244432166852,0.336396820049689,21
"277","noinsurance_rate_z",-0.232120927703152,0.225350233498567,-0.673799269268035,0.209557413861731,21
"278","ER_annual_percapita_z:intervention2017",-0.0117792924950424,0.177940448437435,-0.360536162825322,0.336977577835237,21
"279","BUPRENORPHINE_annual_percapita_z:intervention2017",-0.253238681384463,0.143806523171679,-0.535094287542878,0.0286169247739515,21
"280","rural_factor3:intervention2017",-0.0197121537917236,0.228365535954013,-0.467300379571775,0.427876071988328,21
"281","rural_factor4:intervention2017",0.499096632895346,0.218871408253934,0.0701165554720733,0.928076710318619,21
"282","rural_factor5:intervention2017",-0.121685489336616,0.281931739611069,-0.674261545073035,0.430890566399803,21
"283","rural_factor6:intervention2017",0.521562726649511,0.515513609452766,-0.488825381418157,1.53195083471718,21
"284","(Intercept)",-8.91474222188612,0.310359695200333,-9.5230360467316,-8.30644839704064,22
"285","ER_annual_percapita_z",-0.274600236297801,0.142732994024308,-0.554351763991016,0.00515129139541443,22
"286","METHADONE_annual_percapita_z",-0.18726998288905,0.119884014995634,-0.422238334602553,0.0476983688244532,22
"287","rural_factor3",-1.35283216226597,0.480895020145853,-2.2953690820965,-0.410295242435431,22
"288","rural_factor4",-0.847150271863292,0.460408896412879,-1.74953512699437,0.0552345832677826,22
"289","rural_factor5",-1.15990958580081,0.518921986602584,-2.17697799032786,-0.142841181273773,22
"290","rural_factor6",-1.30835119493374,0.609839701532564,-2.50361504628022,-0.113087343587256,22
"291","intervention2017",-0.201119465717463,0.119295666267609,-0.434934675113685,0.0326957436787604,22
"292","poverty_rate_z",-0.147555641570233,0.235073730771594,-0.608291687594022,0.313180404453555,22
"293","disability_rate_z",0.0179165666266746,0.258464440459987,-0.488664427959198,0.524497561212547,22
"294","noinsurance_rate_z",-0.0938443609132368,0.204649637049561,-0.494950278979569,0.307261557153096,22
"295","ER_annual_percapita_z:intervention2017",-0.0458469365792863,0.178355864074063,-0.395418006595972,0.303724133437399,22
"296","METHADONE_annual_percapita_z:intervention2017",0.0621377133500717,0.125169672725975,-0.183190337149505,0.307465763849648,22
"297","rural_factor3:intervention2017",0.126102593982076,0.211770938633194,-0.288960818711226,0.541166006675379,22
"298","rural_factor4:intervention2017",0.356677399349647,0.208036082196733,-0.0510658292407629,0.764420627940057,22
"299","rural_factor5:intervention2017",-0.115942253230886,0.285334806802299,-0.675188198099086,0.443303691637313,22
"300","rural_factor6:intervention2017",0.544986212430823,0.515096341368818,-0.464584065220409,1.55455649008205,22
"301","(Intercept)",-9.10328000662823,0.311423464635251,-9.713658781254,-8.49290123200245,23
"302","OXYCODONE_annual_percapita_z",-0.411271172113075,0.167654128838364,-0.739867226495706,-0.0826751177304436,23
"303","BUPRENORPHINE_annual_percapita_z",0.583077991496401,0.203680796178768,0.183870966643572,0.982285016349229,23
"304","METHADONE_annual_percapita_z",0.117955931978968,0.147259997949618,-0.170668360365726,0.406580224323662,23
"305","intervention2017",-0.241703096208797,0.139167420501929,-0.51446622821392,0.0310600357963252,23
"306","poverty_rate_z",-0.222415475214785,0.260506586880507,-0.732999003236033,0.288168052806463,23
"307","disability_rate_z",-0.0135320417720076,0.266199501563899,-0.535273477539763,0.508209393995747,23
"308","noinsurance_rate_z",-0.267322138886723,0.221290293302385,-0.701043143887703,0.166398866114257,23
"309","rural_factor3",-0.90639608802096,0.441605110520713,-1.77192620003039,-0.0408659760115325,23
"310","rural_factor4",-0.395086517850651,0.423018031636075,-1.22418662466838,0.434013588967081,23
"311","rural_factor5",-0.556570689390587,0.50414236702957,-1.54467157184932,0.431530193068145,23
"312","rural_factor6",-1.00387851350558,0.548693607248503,-2.07929822226001,0.0715411952488509,23
"313","OXYCODONE_annual_percapita_z:intervention2017",0.0257910456468418,0.167645206696506,-0.302787521659083,0.354369612952766,23
"314","BUPRENORPHINE_annual_percapita_z:intervention2017",-0.275174141203968,0.152788960987056,-0.574635001973892,0.0242867195659569,23
"315","METHADONE_annual_percapita_z:intervention2017",0.113276738765919,0.1317119220317,-0.14487388475076,0.371427362282598,23
"316","(Intercept)",-9.00497461617602,0.309013207075085,-9.6106293727904,-8.39931985956163,24
"317","OXYCODONE_annual_percapita_z",-0.261466112133906,0.141693368956177,-0.539180012136159,0.0162477878683458,24
"318","BUPRENORPHINE_annual_percapita_z",0.512191163759131,0.212959790820997,0.094797643594793,0.92958468392347,24
"319","rural_factor3",-0.995423852873967,0.472164097100756,-1.92084847798432,-0.0699992277636122,24
"320","rural_factor4",-0.674230879538143,0.43231200245142,-1.52154683442732,0.173085075351031,24
"321","rural_factor5",-0.663526355879929,0.508008020541069,-1.65920377999791,0.332151068238049,24
"322","rural_factor6",-1.22271963687511,0.628081399159316,-2.4537365585869,0.00829728483667136,24
"323","intervention2017",-0.376393589192948,0.161086124507038,-0.692116591635877,-0.0606705867500184,24
"324","poverty_rate_z",-0.147372941483192,0.254719588386526,-0.646614160877649,0.351868277911266,24
"325","disability_rate_z",0.00520878015677366,0.273418596740723,-0.530681822158525,0.541099382472072,24
"326","noinsurance_rate_z",-0.282975491905102,0.225864773431871,-0.72566231320787,0.159711329397665,24
"327","OXYCODONE_annual_percapita_z:intervention2017",-0.0886075502718641,0.179248485322779,-0.439928125787867,0.262713025244138,24
"328","BUPRENORPHINE_annual_percapita_z:intervention2017",-0.261334748048638,0.188865773622196,-0.631504862260436,0.10883536616316,24
"329","rural_factor3:intervention2017",0.146434194175571,0.225526448316456,-0.295589522085916,0.588457910437058,24
"330","rural_factor4:intervention2017",0.322249152695537,0.209037561280981,-0.0874569388312696,0.731955244222343,24
"331","rural_factor5:intervention2017",-0.142905703126099,0.30007997186876,-0.73105164047066,0.445240234218462,24
"332","rural_factor6:intervention2017",0.375980535026888,0.510900685023017,-0.625366407295067,1.37732747734884,24
"333","(Intercept)",-8.97838543343711,0.445810854237538,-9.85215865165972,-8.1046122152145,25
"334","OXYCODONE_annual_percapita_z",-0.171823118662049,0.183234346896188,-0.530955839309295,0.187309601985198,25
"335","METHADONE_annual_percapita_z",-0.0554637474606842,0.150791498260429,-0.351009653225959,0.240082158304591,25
"336","rural_factor3",-1.23413068974609,0.502571855171069,-2.21915342552487,-0.249107953967317,25
"337","rural_factor4",-0.596816630267226,0.487775980229281,-1.55283998404034,0.359206723505887,25
"338","rural_factor5",-0.909612159058305,0.577360883059367,-2.04121869593691,0.221994377820296,25
"339","rural_factor6",-1.3612194491553,0.709057969429688,-2.75094753218859,0.0285086338779916,25
"340","intervention2017",-0.358058553367911,0.143689857246064,-0.639685498513898,-0.0764316082219242,25
"341","poverty_rate_z",-0.265601991699751,0.405928230064489,-1.06120670293424,0.530002719534737,25
"342","disability_rate_z",0.141341873940918,0.307810149461942,-0.461954933080379,0.744638680962215,25
"343","noinsurance_rate_z",-0.0911387620593874,0.214655575423793,-0.511855958970743,0.329578434851968,25
"344","OXYCODONE_annual_percapita_z:intervention2017",-0.193308993624667,0.143838496287746,-0.475227265939047,0.0886092786897135,25
"345","METHADONE_annual_percapita_z:intervention2017",0.0664328409792356,0.137454613342641,-0.202973250681219,0.33583893263969,25
"346","rural_factor3:intervention2017",0.329552750999796,0.188377165994646,-0.0396597098594345,0.698765211859026,25
"347","rural_factor4:intervention2017",0.319873136400053,0.205758642473421,-0.0834063923557057,0.723152665155812,25
"348","rural_factor5:intervention2017",0.00765185031466406,0.286451608016156,-0.553782984710587,0.569086685339915,25
"349","rural_factor6:intervention2017",0.524150721748502,0.503847171104644,-0.463371587328991,1.51167303082599,25
"350","(Intercept)",-8.99408381968388,0.336932462128502,-9.65445931067815,-8.33370832868961,26
"351","BUPRENORPHINE_annual_percapita_z",0.415038061374175,0.216069729822817,-0.00845082722784729,0.838526949976197,26
"352","METHADONE_annual_percapita_z",-0.113704734318097,0.122485756589916,-0.353772405853471,0.126362937217278,26
"353","rural_factor3",-1.07158764726443,0.491410353984368,-2.03473424270388,-0.108441051824993,26
"354","rural_factor4",-0.797867039193489,0.458981687294423,-1.69745461585398,0.101720537467004,26
"355","rural_factor5",-0.912046809915182,0.52899483792553,-1.94885764025682,0.124764020426459,26
"356","rural_factor6",-1.18615783772075,0.645521672955089,-2.45135706795277,0.0790413925112652,26
"357","intervention2017",-0.234002121418862,0.123128088152874,-0.475328739683767,0.00732449684604367,26
"358","poverty_rate_z",-0.0352570396296121,0.270013799462309,-0.564474361904558,0.493960282645333,26
"359","disability_rate_z",-0.113607941946967,0.281854288526703,-0.666032196347465,0.438816312453531,26
"360","noinsurance_rate_z",-0.293480064499542,0.23809451200232,-0.760136732940729,0.173176603941645,26
"361","BUPRENORPHINE_annual_percapita_z:intervention2017",-0.263156887234297,0.141840591399535,-0.541159337923248,0.0148455634546539,26
"362","METHADONE_annual_percapita_z:intervention2017",-0.0269954837022838,0.123013966432804,-0.268098427505999,0.214107460101432,26
"363","rural_factor3:intervention2017",0.18841244958559,0.210370344345494,-0.223905848746868,0.600730747918048,26
"364","rural_factor4:intervention2017",0.301934785317089,0.193934199406395,-0.0781692608900542,0.682038831524233,26
"365","rural_factor5:intervention2017",-0.136042750382663,0.281017311766506,-0.686826560477278,0.414741059711953,26
"366","rural_factor6:intervention2017",0.290159649245331,0.500634714189959,-0.691066359977492,1.27138565846815,26
"367","(Intercept)",-9.05959852005061,0.285032389812043,-9.6182517385096,-8.50094530159163,27
"368","ER_annual_percapita_z",-0.187621714936162,0.130191807492118,-0.442792968702886,0.0675495388305613,27
"369","OXYCODONE_annual_percapita_z",-0.37406770026184,0.165297294390513,-0.698044444009161,-0.0500909565145192,27
"370","BUPRENORPHINE_annual_percapita_z",0.45793634376962,0.200845768890216,0.0642858702975408,0.851586817241699,27
"371","METHADONE_annual_percapita_z",0.0509738491412056,0.146156459731486,-0.235487548040385,0.337435246322796,27
"372","intervention2017",-0.216101780362899,0.141230013443279,-0.492907520247834,0.0607039595220362,27
"373","poverty_rate_z",-0.212687144345493,0.228847446363304,-0.661219897171532,0.235845608480545,27
"374","disability_rate_z",-0.00774215598882977,0.258166145518216,-0.51373850323206,0.498254191254401,27
"375","noinsurance_rate_z",-0.223947933707259,0.218179397227076,-0.651571694440987,0.203675827026469,27
"376","rural_factor3",-1.06112829193797,0.438044793307962,-1.91968031043686,-0.20257627343907,27
"377","rural_factor4",-0.451533374617785,0.413542846655262,-1.26206246012627,0.358995710890698,27
"378","rural_factor5",-0.677271972480988,0.494210407164329,-1.64590657130795,0.291362626345972,27
"379","rural_factor6",-0.964275855222306,0.522953203188406,-1.98924529907144,0.0606935886268271,27
"380","ER_annual_percapita_z:intervention2017",-0.0112392642897404,0.164646714234901,-0.333940894363005,0.311462365783525,27
"381","OXYCODONE_annual_percapita_z:intervention2017",0.0623385951763471,0.167603151894792,-0.266157546232842,0.390834736585536,27
"382","BUPRENORPHINE_annual_percapita_z:intervention2017",-0.165846447131853,0.156781560119218,-0.473132658405522,0.141439764141817,27
"383","METHADONE_annual_percapita_z:intervention2017",0.147428968731626,0.134055485633738,-0.115314955040527,0.410172892503778,27
"384","(Intercept)",-8.98435181918558,NA,NA,NA,28
"385","ER_annual_percapita_z",-0.239097345598667,NA,NA,NA,28
"386","OXYCODONE_annual_percapita_z",-0.269555196734879,NA,NA,NA,28
"387","BUPRENORPHINE_annual_percapita_z",0.515472533134838,NA,NA,NA,28
"388","rural_factor3",-1.03816606156201,NA,NA,NA,28
"389","rural_factor4",-0.797893105998094,NA,NA,NA,28
"390","rural_factor5",-0.719760468104036,NA,NA,NA,28
"391","rural_factor6",-1.25317096897508,NA,NA,NA,28
"392","intervention2017",-0.300707732003934,NA,NA,NA,28
"393","poverty_rate_z",-0.161281359980321,NA,NA,NA,28
"394","disability_rate_z",0.00858780454093314,NA,NA,NA,28
"395","noinsurance_rate_z",-0.231143134810614,NA,NA,NA,28
"396","ER_annual_percapita_z:intervention2017",0.0100242231802658,NA,NA,NA,28
"397","OXYCODONE_annual_percapita_z:intervention2017",0.000699697535361416,NA,NA,NA,28
"398","BUPRENORPHINE_annual_percapita_z:intervention2017",-0.300365750627838,NA,NA,NA,28
"399","rural_factor3:intervention2017",-0.0607737909820021,NA,NA,NA,28
"400","rural_factor4:intervention2017",0.437215881695993,NA,NA,NA,28
"401","rural_factor5:intervention2017",-0.214083226606894,NA,NA,NA,28
"402","rural_factor6:intervention2017",0.485264777825153,NA,NA,NA,28
"403","(Intercept)",-8.93440123509347,0.305669753101115,-9.5335029423349,-8.33529952785203,29
"404","ER_annual_percapita_z",-0.283916434782989,0.142936006395952,-0.564065859413041,-0.00376701015293673,29
"405","OXYCODONE_annual_percapita_z",-0.175523620811288,0.16531695093304,-0.499538890674021,0.148491649051445,29
"406","METHADONE_annual_percapita_z",-0.0944967680663477,0.148094938551189,-0.38475751391935,0.195763977786654,29
"407","rural_factor3",-1.31189569145214,0.477564347579793,-2.2479046130089,-0.375886769895379,29
"408","rural_factor4",-0.752886375844101,0.471159871581186,-1.67634275510374,0.17057000341554,29
"409","rural_factor5",-0.997999644290016,0.537410437050792,-2.0513047458255,0.0553054572454664,29
"410","rural_factor6",-1.37696569550461,0.609977059098739,-2.5724987627338,-0.181432628275424,29
"411","intervention2017",-0.277946965717916,0.13620241413761,-0.544898792035041,-0.0109951394007912,29
"412","poverty_rate_z",-0.281355997002264,0.248272947076294,-0.767962031607418,0.20525003760289,29
"413","disability_rate_z",0.143296171219581,0.27088431282797,-0.387627325900122,0.674219668339284,29
"414","noinsurance_rate_z",-0.0445234520371045,0.208227216168293,-0.452641296327995,0.363594392253786,29
"415","ER_annual_percapita_z:intervention2017",0.0215227753288246,0.181284576290933,-0.333788465154007,0.376834015811656,29
"416","OXYCODONE_annual_percapita_z:intervention2017",-0.120681571326902,0.143771502820932,-0.402468538859127,0.161105396205323,29
"417","METHADONE_annual_percapita_z:intervention2017",0.141258147961992,0.140411306189943,-0.133942955192522,0.416459251116506,29
"418","rural_factor3:intervention2017",0.111448600026363,0.212177498299555,-0.304411654970574,0.5273088550233,29
"419","rural_factor4:intervention2017",0.434094365518374,0.227053792158736,-0.0109228896659909,0.879111620702739,29
"420","rural_factor5:intervention2017",-0.0773180540870543,0.294228091871481,-0.653994517395099,0.499358409220991,29
"421","rural_factor6:intervention2017",0.594606514537868,0.521041204318159,-0.426615480387099,1.61582850946283,29
"422","(Intercept)",-8.94807368009844,0.307630406282362,-9.55101819696129,-8.34512916323559,30
"423","ER_annual_percapita_z",-0.300487084313646,0.149236106696511,-0.592984478631785,-0.00798968999550803,30
"424","BUPRENORPHINE_annual_percapita_z",0.37502933596056,0.20304686058959,-0.0229351979689608,0.772993869890081,30
"425","METHADONE_annual_percapita_z",-0.157505382441656,0.120718239028115,-0.394108783213859,0.0790980183305466,30
"426","rural_factor3",-1.15247573406174,0.471735927237675,-2.07706116166119,-0.22789030646229,30
"427","rural_factor4",-0.950333402825722,0.449501216684074,-1.83133959853344,-0.0693272071180029,30
"428","rural_factor5",-0.997960686981205,0.507540784402196,-1.99272234509472,-0.00319902886769308,30
"429","rural_factor6",-1.25783606487018,0.61284772286401,-2.45899552969103,-0.0566766000493408,30
"430","intervention2017",-0.192432624728963,0.123810258903286,-0.435096273095984,0.0502310236380573,30
"431","poverty_rate_z",-0.0705562819803846,0.234104697318962,-0.5293930573372,0.388280493376431,30
"432","disability_rate_z",-0.0748734563917608,0.26190750668094,-0.588202736767086,0.438455823983565,30
"433","noinsurance_rate_z",-0.221318574868588,0.229312542753415,-0.670762899868583,0.228125750131407,30
"434","ER_annual_percapita_z:intervention2017",0.0270705489134981,0.1809999075954,-0.327682751178563,0.381823849005559,30
"435","BUPRENORPHINE_annual_percapita_z:intervention2017",-0.247305226857515,0.143664375216987,-0.528882228144258,0.0342717744292283,30
"436","METHADONE_annual_percapita_z:intervention2017",0.057010389880008,0.125442975972805,-0.188853325140212,0.302874104900228,30
"437","rural_factor3:intervention2017",-0.0318950657411499,0.230538804126322,-0.483742818867674,0.419952687385375,30
"438","rural_factor4:intervention2017",0.478438005520818,0.216410887754962,0.0542804596587523,0.902595551382883,30
"439","rural_factor5:intervention2017",-0.187523440289554,0.285273954136105,-0.746650116123651,0.371603235544544,30
"440","rural_factor6:intervention2017",0.473969931541869,0.515082969891438,-0.535574138495279,1.48351400157902,30
"441","(Intercept)",-9.05594107395532,0.300495757857439,-9.64490193686297,-8.46698021104767,31
"442","OXYCODONE_annual_percapita_z",-0.340702777402492,0.182838168555881,-0.699059002771283,0.0176534479662984,31
"443","BUPRENORPHINE_annual_percapita_z",0.55232940162915,0.223415082406087,0.114443886510172,0.990214916748128,31
"444","METHADONE_annual_percapita_z",0.0829641696661097,0.153287590476965,-0.217473986945667,0.383402326277886,31
"445","rural_factor3",-0.968538702313119,0.467243040791445,-1.88431823429133,-0.0527591703349074,31
"446","rural_factor4",-0.58413839737118,0.444194894867259,-1.45474439342756,0.286467598685203,31
"447","rural_factor5",-0.552256878661281,0.530246433566413,-1.59152079138226,0.487007034059699,31
"448","rural_factor6",-1.19380125071204,0.618983906394305,-2.40698741425479,0.0193849128307153,31
"449","intervention2017",-0.338728110140542,0.166009769892044,-0.664101280210729,-0.0133549400703541,31
"450","poverty_rate_z",-0.213796960854274,0.245412575193934,-0.694796769587613,0.267202847879065,31
"451","disability_rate_z",0.0104671698067133,0.265153810900835,-0.509224749922467,0.530159089535894,31
"452","noinsurance_rate_z",-0.265123699403582,0.223057418389732,-0.702308205931939,0.172060807124774,31
"453","OXYCODONE_annual_percapita_z:intervention2017",-0.0918517970407498,0.196152397469885,-0.476303431562909,0.292599837481409,31
"454","BUPRENORPHINE_annual_percapita_z:intervention2017",-0.255795895189358,0.195644905147621,-0.639252863037449,0.127661072658733,31
"455","METHADONE_annual_percapita_z:intervention2017",0.0890273769760246,0.134589939270669,-0.174764056675919,0.352818810627968,31
"456","rural_factor3:intervention2017",0.115407082641295,0.232381945859828,-0.340053161901304,0.570867327183895,31
"457","rural_factor4:intervention2017",0.297066055516775,0.211437325155486,-0.117343486775462,0.711475597809011,31
"458","rural_factor5:intervention2017",-0.148170246712219,0.300396204084433,-0.736935987810252,0.440595494385815,31
"459","rural_factor6:intervention2017",0.342597761881861,0.512837245894215,-0.662544770001513,1.34774029376523,31
"460","(Intercept)",-9.02580158753541,0.28728229510669,-9.58886453934053,-8.46273863573029,32
"461","ER_annual_percapita_z",-0.307125413444363,0.148072534411863,-0.597342247991182,-0.016908578897545,32
"462","OXYCODONE_annual_percapita_z",-0.328806762273785,0.178990252449869,-0.679621210659259,0.0220076861116897,32
"463","BUPRENORPHINE_annual_percapita_z",0.532391227677355,0.220545180030947,0.100130617852796,0.964651837501913,32
"464","METHADONE_annual_percapita_z",0.0265881407064308,0.151473895836948,-0.270295239731958,0.32347152114482,32
"465","rural_factor3",-1.022121294498,0.453422862633459,-1.91081377502663,-0.133428813969366,32
"466","rural_factor4",-0.752500186956,0.441022862816243,-1.61688911443458,0.111888740522584,32
"467","rural_factor5",-0.636275742539328,0.517289499408817,-1.65014453096136,0.377593045882707,32
"468","rural_factor6",-1.21015750701645,0.5997131455519,-2.3855736733534,-0.0347413406794985,32
"469","intervention2017",-0.251011442961977,0.164371427728378,-0.573173521397027,0.0711506354730731,32
"470","poverty_rate_z",-0.23089064347948,0.227839973847587,-0.677448786459299,0.215667499500338,32
"471","disability_rate_z",0.0265903526036214,0.257148919334416,-0.47741226795523,0.530592973162472,32
"472","noinsurance_rate_z",-0.200152276228498,0.218835054133841,-0.629061100885698,0.228756548428703,32
"473","ER_annual_percapita_z:intervention2017",0.093587835088206,0.181324334030217,-0.26180132913173,0.448976999308142,32
"474","OXYCODONE_annual_percapita_z:intervention2017",-0.0364923333735855,0.198397725232478,-0.425344729443915,0.352360062696744,32
"475","BUPRENORPHINE_annual_percapita_z:intervention2017",-0.285989931826013,0.194810797513962,-0.667812078752904,0.0958322151008781,32
"476","METHADONE_annual_percapita_z:intervention2017",0.165720715797904,0.138786971948511,-0.106296750744549,0.437738182340357,32
"477","rural_factor3:intervention2017",-0.0951702132634674,0.252247020526179,-0.589565288702313,0.399224862175378,32
"478","rural_factor4:intervention2017",0.454788605207972,0.235307000455249,-0.00640464099446558,0.915981851410409,32
"479","rural_factor5:intervention2017",-0.221211663047003,0.308667836864664,-0.826189506487629,0.383766180393622,32
"480","rural_factor6:intervention2017",0.402773430096667,0.528296845336633,-0.632669359909261,1.4382162201026,32
"481","(Intercept)",-9.06457704585914,0.369675877639639,-9.78912845198606,-8.34002563973221,33
"482","intervention2017",-0.0759054383018739,0.0601357226105467,-0.193769288802836,0.0419584121990885,33
"483","poverty_rate_z",-0.16874301125052,0.29199846745441,-0.741049491002055,0.403563468501016,33
"484","disability_rate_z",-0.0535546658466372,0.261747344835164,-0.566570034772544,0.45946070307927,33
"485","noinsurance_rate_z",-0.117997051112753,0.202508079849653,-0.514905594196434,0.278911491970928,33
"486","rural_factor3",-1.08771463202831,0.471201012912007,-2.01125164681464,-0.164177617241985,33
"487","rural_factor4",-0.517035133060233,0.428377951748829,-1.35664049025897,0.322570224138508,33
"488","rural_factor5",-1.01673405017576,0.487792507443572,-1.97278979669365,-0.0606783036578751,33
"489","rural_factor6",-1.0665805396905,0.589112349828301,-2.22121952820173,0.0880584488207288,33
"490","(Intercept)",-9.02691008328958,0.176236978718889,-9.37232821432275,-8.6814919522564,34
"491","ER_annual_percapita_z",-0.209621945407332,0.0871318045300395,-0.380397144194193,-0.0388467466204703,34
"492","intervention2017",-0.0748280856558261,0.0602531627537722,-0.19292211460785,0.0432659432961975,34
"493","poverty_rate_z",-0.185061793151364,0.134140898458783,-0.447973122984423,0.0778495366816948,34
"494","disability_rate_z",-0.0433711367957209,0.231239040441211,-0.496591327880095,0.409849054288653,34
"495","noinsurance_rate_z",-0.0813664683302421,0.194803709002937,-0.46317472203082,0.300441785370336,34
"496","rural_factor3",-1.22831541317169,0.438774600834494,-2.08829782813824,-0.368332998205143,34
"497","rural_factor4",-0.586418772534702,0.400962874570578,-1.37229156583069,0.199454020761282,34
"498","rural_factor5",-1.09081896580964,0.463245589044258,-1.99876363633343,-0.182874295285857,34
"499","rural_factor6",-1.04094713182093,0.466609273838673,-1.95548450339712,-0.126409760244746,34
"500","(Intercept)",-9.03455346533661,0.285527965316298,-9.59417799393555,-8.47492893673766,35
"501","OXYCODONE_annual_percapita_z",-0.250805542283366,0.126882865283098,-0.499491388493486,-0.00211969607324666,35
"502","intervention2017",-0.213351101653436,0.0923323351242437,-0.394319153105436,-0.032383050201436,35
"503","poverty_rate_z",-0.264169245397639,0.221991919218817,-0.699265411925445,0.170926921130166,35
"504","disability_rate_z",0.117191823261848,0.271805256699951,-0.415536690678721,0.649920337202417,35
"505","noinsurance_rate_z",-0.0895050063794824,0.207131877757687,-0.495476026834701,0.316466014075736,35
"506","rural_factor3",-1.06132396991642,0.475686204608945,-1.99365179889251,-0.128996140940339,35
"507","rural_factor4",-0.418921166888993,0.437636872459768,-1.27667367521689,0.438831341438901,35
"508","rural_factor5",-0.873863721821165,0.503743868450418,-1.86118356141687,0.113456117774536,35
"509","rural_factor6",-1.11274741961983,0.547697737379144,-2.18621525929703,-0.0392795799426275,35
"510","(Intercept)",-9.101194368664,0.299549568052176,-9.6883007336308,-8.51408800369721,36
"511","BUPRENORPHINE_annual_percapita_z",0.252402299205721,0.151052420442647,-0.0436550046394683,0.548459603050911,36
"512","intervention2017",-0.134974783501422,0.071780058330714,-0.275661112637806,0.00571154563496198,36
"513","poverty_rate_z",-0.0820699186505651,0.238286260925216,-0.549102408074703,0.384962570773573,36
"514","disability_rate_z",-0.178424665251699,0.257643301970287,-0.683396257971439,0.326546927468041,36
"515","noinsurance_rate_z",-0.251854421686133,0.226875562982299,-0.696522354103688,0.192813510731422,36
"516","rural_factor3",-0.993871617130747,0.463078874591471,-1.90148953333137,-0.0862537009301239,36
"517","rural_factor4",-0.56209371382191,0.424028194982145,-1.39317370441644,0.268986276772621,36
"518","rural_factor5",-0.921238564555569,0.487412794784465,-1.87655008793713,0.0340729588259948,36
"519","rural_factor6",-0.973088145514525,0.552700650166255,-2.05636151407226,0.110185223043205,36
"520","(Intercept)",-8.99430086500119,0.295497831082206,-9.57346597143202,-8.41513575857037,37
"521","METHADONE_annual_percapita_z",-0.144251108806837,0.113589211599069,-0.366881872573311,0.0783796549596379,37
"522","intervention2017",-0.15166698366631,0.0841392646172869,-0.316576912001878,0.0132429446692577,37
"523","poverty_rate_z",-0.11725653424932,0.225512819091465,-0.559253537720688,0.324740469222047,37
"524","disability_rate_z",-0.0057256980412092,0.261091708521278,-0.517456043404943,0.506004647322525,37
"525","noinsurance_rate_z",-0.148505591644974,0.21023634911071,-0.560561264143156,0.263550080853207,37
"526","rural_factor3",-1.08052801222508,0.483796345721119,-2.02875142569056,-0.132304598759595,37
"527","rural_factor4",-0.585174751176308,0.452979073351793,-1.47299742069615,0.302647918343534,37
"528","rural_factor5",-1.08439284709605,0.515874279252086,-2.0954878549807,-0.0732978392114063,37
"529","rural_factor6",-1.08887754732204,0.552176539368338,-2.17112367759195,-0.00663141705213599,37
"530","(Intercept)",-9.06457758383375,0.0719987864708087,-9.20569261224713,-8.92346255542038,38
"531","rural_factor3",-1.08771424879455,0.441805770186727,-1.95363764652252,-0.221790851066586,38
"532","rural_factor4",-0.517035059168425,0.414801091466157,-1.33003025919,0.295960140853147,38
"533","rural_factor5",-1.01673429322985,0.481729460762982,-1.9609066866172,-0.0725618998425054,38
"534","rural_factor6",-1.06658033731782,0.464216065045226,-1.97642710585137,-0.156733568784277,38
"535","intervention2017",-0.0759054411335007,0.0601357224659748,-0.193769291351107,0.0419584090841061,38
"536","poverty_rate_z",-0.168743775919253,0.0575015587096036,-0.281444760044992,-0.056042791793515,38
"537","disability_rate_z",-0.0535540556122186,0.227385638932557,-0.499221718521659,0.392113607297222,38
"538","noinsurance_rate_z",-0.117997075114856,0.2015953308423,-0.513116663017201,0.277122512787489,38
"539","(Intercept)",-8.99174580852393,0.307991525005194,-9.59539810507767,-8.38809351197018,39
"540","ER_annual_percapita_z",-0.20954947129503,0.0864855922358,-0.379058117258815,-0.0400408253312451,39
"541","OXYCODONE_annual_percapita_z",-0.252398996183609,0.12703707537267,-0.501387088615343,-0.00341090375187547,39
"542","intervention2017",-0.214310575741146,0.0928119199792151,-0.396218596236421,-0.0324025552458707,39
"543","poverty_rate_z",-0.278300251730483,0.248136718786418,-0.764639283793805,0.208038780332839,39
"544","disability_rate_z",0.125346129473978,0.268529335055307,-0.400961696026913,0.651653954974869,39
"545","noinsurance_rate_z",-0.0584131167414172,0.201263297356036,-0.452881930969024,0.33605569748619,39
"546","rural_factor3",-1.21236048059464,0.463769340399399,-2.12133168491136,-0.303389276277926,39
"547","rural_factor4",-0.489908077218345,0.424458033761743,-1.32183053634005,0.342014381903357,39
"548","rural_factor5",-0.954493471043455,0.491320015912956,-1.91746300711649,0.00847606502958409,39
"549","rural_factor6",-1.08990987766331,0.552279823264269,-2.17235844064942,-0.00746131467719402,39
"550","(Intercept)",-9.07704525870698,0.229655680649774,-9.52716212162557,-8.62692839578839,40
"551","ER_annual_percapita_z",-0.224086816015548,0.0877479528308707,-0.396069643281174,-0.0521039887499225,40
"552","BUPRENORPHINE_annual_percapita_z",0.281920632610983,0.136628296734323,0.0141340917426597,0.549707173479307,40
"553","intervention2017",-0.140353395484353,0.0697222704901939,-0.277006534565492,-0.00370025640321284,40
"554","poverty_rate_z",-0.0888192148449504,0.159770384238231,-0.401963413748009,0.224324984058108,40
"555","disability_rate_z",-0.187291357843372,0.237718998681473,-0.653212033699984,0.27862931801324,40
"556","noinsurance_rate_z",-0.226581969346032,0.220644629309908,-0.659037496175642,0.205873557483578,40
"557","rural_factor3",-1.12699438685158,0.449106087838037,-2.00722614425182,-0.246762629451349,40
"558","rural_factor4",-0.631574105957928,0.40239487491792,-1.42025356836055,0.157105356444694,40
"559","rural_factor5",-0.97934827620401,0.47112958182176,-1.90274528862608,-0.0559512637819437,40
"560","rural_factor6",-0.9187809636278,0.495776676450899,-1.89048539384653,0.0529234665909284,40
"561","(Intercept)",-8.92839126492576,0.335863805438836,-9.58667222729645,-8.27011030255507,41
"562","ER_annual_percapita_z",-0.244898702067029,0.0891332204812837,-0.419596604036413,-0.070200800097645,41
"563","METHADONE_annual_percapita_z",-0.20561014449701,0.117270777545473,-0.435456644925145,0.0242363559311251,41
"564","intervention2017",-0.182769798072986,0.0853857893264473,-0.350122869944347,-0.0154167262016244,41
"565","poverty_rate_z",-0.115748851545293,0.261666153974362,-0.628605089308155,0.39710738621757,41
"566","disability_rate_z",0.0166344311890256,0.264194364590144,-0.501177008326101,0.534445870704153,41
"567","noinsurance_rate_z",-0.121869865385192,0.207419865760038,-0.528405331952999,0.284665601182614,41
"568","rural_factor3",-1.2480082963944,0.481738810515023,-2.19219901495901,-0.303817577829795,41
"569","rural_factor4",-0.688926979777719,0.448885817496189,-1.56872701524107,0.190873055685631,41
"570","rural_factor5",-1.20211003239689,0.511508953620242,-2.20464915926233,-0.199570905531446,41
"571","rural_factor6",-1.05225948426392,0.574187349555259,-2.17764600977074,0.073127041242897,41
"572","(Intercept)",-9.02691268382876,0.307109572939936,-9.62883638609851,-8.42498898155901,42
"573","ER_annual_percapita_z",-0.209623201815945,0.08720446213109,-0.380540806884068,-0.0387055967478217,42
"574","rural_factor3",-1.22830954791545,0.447885071346698,-2.10614815696813,-0.350470938862771,42
"575","rural_factor4",-0.586415405608709,0.409222691898229,-1.38847714338577,0.215646332168351,42
"576","rural_factor5",-1.09081696499187,0.468872983240771,-2.00979112546763,-0.171842804516107,42
"577","rural_factor6",-1.04093994629518,0.540732781926903,-2.10075672413206,0.0188768315417049,42
"578","intervention2017",-0.0748270789488754,0.060258921842072,-0.192932395506551,0.0432782376087997,42
"579","poverty_rate_z",-0.18506022172261,0.241987614650013,-0.659347231141392,0.289226787696172,42
"580","disability_rate_z",-0.0433695512390943,0.243069092328606,-0.519776217958003,0.433037115479814,42
"581","noinsurance_rate_z",-0.0813666831282634,0.19600223598943,-0.465524006556866,0.302790640300339,42
"582","(Intercept)",-9.0518406983901,0.192891580563217,-9.42990124921501,-8.67378014756519,43
"583","OXYCODONE_annual_percapita_z",-0.271871611946176,0.120199061981625,-0.507457444405659,-0.0362857794866937,43
"584","BUPRENORPHINE_annual_percapita_z",0.29269623711361,0.129581636766536,0.0387208959934489,0.546671578233772,43
"585","intervention2017",-0.293097596677276,0.103137284454033,-0.495242959670444,-0.090952233684108,43
"586","poverty_rate_z",-0.157893802328164,0.0705739050693528,-0.296216114512444,-0.0195714901438837,43
"587","disability_rate_z",-0.0114174648849858,0.24446411787107,-0.490558331424638,0.467723401654666,43
"588","noinsurance_rate_z",-0.239798227010343,0.221027458180072,-0.673004084637716,0.19340763061703,43
"589","rural_factor3",-0.949798216356696,0.455000577345858,-1.84158296089951,-0.0580134718138826,43
"590","rural_factor4",-0.475419077962115,0.411900203537558,-1.28272864212045,0.331890486196216,43
"591","rural_factor5",-0.758131470819349,0.481289455181519,-1.70144146911403,0.185178527475333,43
"592","rural_factor6",-1.0150912081998,0.482029186844476,-1.95985105391211,-0.0703313624875009,43
"593","(Intercept)",-9.02487586884424,NA,NA,NA,44
"594","OXYCODONE_annual_percapita_z",-0.234952546285782,0.127263928332592,-0.484385262348749,0.0144801697771847,44
"595","METHADONE_annual_percapita_z",-0.0257923010512465,0.13523374291196,-0.290845566653237,0.239260964550744,44
"596","intervention2017",-0.218134221596104,0.0878903138164013,-0.390396071266173,-0.045872371926034,44
"597","poverty_rate_z",-0.248569992114027,NA,NA,NA,44
"598","disability_rate_z",0.113957744300705,0.230440181798469,-0.337696712615158,0.565612201216567,44
"599","noinsurance_rate_z",-0.0971486732690069,0.211166082311475,-0.511026589355918,0.316729242817904,44
"600","rural_factor3",-1.06110367011307,0.469743154661216,-1.98178333523329,-0.140424004992864,44
"601","rural_factor4",-0.436631848739059,0.442555567056467,-1.30402482132744,0.430761123849317,44
"602","rural_factor5",-0.893242996545201,0.495727261110965,-1.86485057447737,0.0783645813869738,44
"603","rural_factor6",-1.11041236264698,0.373445392732878,-1.84235188259583,-0.378472842698118,44
"604","(Intercept)",-9.03330941844788,0.349925990186122,-9.71915175646719,-8.34746708042856,45
"605","OXYCODONE_annual_percapita_z",-0.25062520965774,0.132321113508626,-0.509969826528884,0.00871940721340314,45
"606","rural_factor3",-1.06133802590584,0.478387836922779,-1.99896095691651,-0.123715094895173,45
"607","rural_factor4",-0.419607252441623,0.440087619568495,-1.28216313683784,0.442948631954592,45
"608","rural_factor5",-0.874867099018779,0.511810577848015,-1.87799739850752,0.128263200469963,45
"609","rural_factor6",-1.11521113945124,0.590538675237812,-2.27264567439534,0.0422233954928708,45
"610","intervention2017",-0.213246847767417,0.0946715145770937,-0.39879960670038,-0.027694088834455,45
"611","poverty_rate_z",-0.26441428036722,0.291020507068185,-0.834803992983447,0.305975432249008,45
"612","disability_rate_z",0.1182657979838,0.282469351993177,-0.435363958659194,0.671895554626794,45
"613","noinsurance_rate_z",-0.089261000362784,0.207272155441359,-0.495506960025835,0.316984959300267,45
"614","(Intercept)",-9.03933879765292,0.308429256048313,-9.6438490312861,-8.43482856401974,46
"615","BUPRENORPHINE_annual_percapita_z",0.213624916320655,0.153927752698774,-0.0880679351901294,0.51531776783144,46
"616","METHADONE_annual_percapita_z",-0.104588236068928,0.116206527554416,-0.332348844844045,0.123172372706189,46
"617","intervention2017",-0.180625612645618,0.087555308421783,-0.352230863807609,-0.00902036148362684,46
"618","poverty_rate_z",-0.0537646305407864,0.23413747137791,-0.512665641872767,0.405136380791194,46
"619","disability_rate_z",-0.125504848787981,0.26645362488879,-0.647744357120155,0.396734659544192,46
"620","noinsurance_rate_z",-0.253761947023015,0.229624180076692,-0.70381706995287,0.196293175906841,46
"621","rural_factor3",-1.00304366212283,0.474769997376147,-1.93357575792026,-0.0725115663254094,46
"622","rural_factor4",-0.607073376189126,0.44148987546901,-1.47237763164746,0.258230879269207,46
"623","rural_factor5",-0.985738657246889,0.505699740279319,-1.97689193518561,0.00541462069183463,46
"624","rural_factor6",-1.00840054174425,0.557995702436125,-2.10205202204718,0.0852509385586842,46
"625","(Intercept)",-9.09981759662597,0.288547521785307,-9.66536034715346,-8.53427484609848,47
"626","BUPRENORPHINE_annual_percapita_z",0.251397929309798,0.148546110843866,-0.0397470979876736,0.542542956607269,47
"627","rural_factor3",-0.994626616049036,0.462283834605785,-1.90068628251145,-0.0885669495866266,47
"628","rural_factor4",-0.560612353373331,0.422846983083825,-1.38937721118904,0.268152504442382,47
"629","rural_factor5",-0.922127794383358,0.487284833466404,-1.87718851819011,0.0329329294233915,47
"630","rural_factor6",-0.975853677857787,0.546642028976647,-2.04725236708792,0.0955450113723423,47
"631","intervention2017",-0.134742769573505,0.0714209158761467,-0.274725192433618,0.00523965328660714,47
"632","poverty_rate_z",-0.0821595442970778,0.226699017285786,-0.526481453507841,0.362162364913685,47
"633","disability_rate_z",-0.176938783340893,0.253880283709415,-0.674534995796156,0.32065742911437,47
"634","noinsurance_rate_z",-0.251920231866913,0.226630579265674,-0.696108005023084,0.192267541289258,47
"635","(Intercept)",-8.99430002608702,0.276385516639916,-9.53600568454976,-8.45259436762429,48
"636","METHADONE_annual_percapita_z",-0.144250974124707,0.113166869610077,-0.366053962803597,0.0775520145541833,48
"637","rural_factor3",-1.08052833342317,0.48298165324993,-2.02715497898665,-0.133901687859699,48
"638","rural_factor4",-0.585174728094606,0.452770630691191,-1.47258885750682,0.302239401317613,48
"639","rural_factor5",-1.08439212394113,0.515782839155821,-2.09530791253036,-0.0734763353519059,48
"640","rural_factor6",-1.08887832457429,0.540156730557578,-2.14756606247405,-0.0301905866745347,48
"641","intervention2017",-0.151666904654975,0.0839776416843297,-0.316260057862871,0.0129262485529209,48
"642","poverty_rate_z",-0.117255463435477,0.207923003439652,-0.524777061734593,0.29026613486364,48
"643","disability_rate_z",-0.00572640097070928,0.258133381287986,-0.511658531502707,0.500205729561289,48
"644","noinsurance_rate_z",-0.148505596067471,0.21023564357,-0.560559885731272,0.263548693596329,48
"645","(Intercept)",-9.01483433783888,0.227862848973159,-9.46143731524096,-8.5682313604368,49
"646","ER_annual_percapita_z",-0.223712009593859,0.0863918652421516,-0.393036954025714,-0.0543870651620043,49
"647","OXYCODONE_annual_percapita_z",-0.274067805094655,0.119771442868907,-0.50881551949411,-0.0393200906952006,49
"648","BUPRENORPHINE_annual_percapita_z",0.31962880991979,0.135069694669397,0.0548970729649489,0.58436054687463,49
"649","intervention2017",-0.300562638678213,0.10263451003411,-0.501722581915983,-0.0994026954404435,49
"650","poverty_rate_z",-0.16224404101127,0.135544557952539,-0.427906492898649,0.103418410876109,49
"651","disability_rate_z",-0.0180469891383634,0.250110470917246,-0.508254504292518,0.472160526015792,49
"652","noinsurance_rate_z",-0.215735314115273,0.215623358078454,-0.638349330174627,0.206878701944082,49
"653","rural_factor3",-1.09448283169376,0.441298192107621,-1.95941139466733,-0.229554268720182,49
"654","rural_factor4",-0.552104072433609,0.398420419755577,-1.33299374585987,0.228785600992652,49
"655","rural_factor5",-0.825911598483834,0.464148308070662,-1.73562556578753,0.083802368819866,49
"656","rural_factor6",-0.973180518817724,0.475299909129225,-1.90475122256617,-0.041609815069282,49
"657","(Intercept)",-8.94949440946991,0.409824590863317,-9.75273584754087,-8.14625297139894,50
"658","ER_annual_percapita_z",-0.226955493818163,0.0882283277354317,-0.399879838595805,-0.0540311490405204,50
"659","OXYCODONE_annual_percapita_z",-0.186585027744029,0.167755622145003,-0.515380005352345,0.142209949864287,50
"660","METHADONE_annual_percapita_z",-0.105587965301396,0.14045051285289,-0.38086591210324,0.169689981500448,50
"661","intervention2017",-0.233259608851113,0.100207904779497,-0.429663493185146,-0.0368557245170803,50
"662","poverty_rate_z",-0.21772403422781,0.371475116453951,-0.945801883630376,0.510353815174755,50
"663","disability_rate_z",0.112316272675221,0.28871426481869,-0.453553288192372,0.678185833542813,50
"664","noinsurance_rate_z",-0.0860207879485736,0.20756489826701,-0.492840513006633,0.320798937109485,50
"665","rural_factor3",-1.22461898742638,0.475017840796026,-2.15563684740057,-0.293601127452184,50
"666","rural_factor4",-0.567640402524617,0.453030523207702,-1.45556391190905,0.320283106859817,50
"667","rural_factor5",-1.04374513372136,0.532683928279228,-2.08778644829196,0.000296180849244765,50
"668","rural_factor6",-1.07967948852592,0.635778236417705,-2.32578193405901,0.166422957007176,50
"669","(Intercept)",-8.99174536067224,0.286707170217792,-9.5536810884085,-8.42980963293597,51
"670","ER_annual_percapita_z",-0.209549458641112,0.0864838306671367,-0.37905465199376,-0.0400442652884633,51
"671","OXYCODONE_annual_percapita_z",-0.25239894236513,0.125238774156243,-0.497862429179312,-0.00693545555094915,51
"672","rural_factor3",-1.21236050679366,0.463520360467078,-2.12084371941015,-0.303877294177161,51
"673","rural_factor4",-0.489908182084604,0.423684928088096,-1.32031538192972,0.340499017760507,51
"674","rural_factor5",-0.954493806937633,0.488156200850527,-1.91126237943457,0.00227476555930028,51
"675","rural_factor6",-1.08991043564521,0.534975391822856,-2.13844293623321,-0.0413779350572112,51
"676","intervention2017",-0.214310545982518,0.0920855430106031,-0.394794893780114,-0.0338261981849214,51
"677","poverty_rate_z",-0.278299895255831,0.223502284706875,-0.716356323743724,0.159756533232061,51
"678","disability_rate_z",0.125346053234874,0.265917780373581,-0.395843219146178,0.646535325615925,51
"679","noinsurance_rate_z",-0.058413095971514,0.201030873683911,-0.4524263681726,0.335600176229572,51
"680","(Intercept)",-8.97808019500825,0.309803552315561,-9.58528399982932,-8.37087639018718,52
"681","ER_annual_percapita_z",-0.249039257995749,0.089315747736378,-0.424094906811315,-0.0739836091801834,52
"682","BUPRENORPHINE_annual_percapita_z",0.226709328841201,0.153749249226328,-0.0746336622924748,0.528052319974876,52
"683","METHADONE_annual_percapita_z",-0.163217308818103,0.117781477201364,-0.394064762178703,0.0676301445424963,52
"684","intervention2017",-0.212939303135722,0.0882800730291204,-0.385965066825364,-0.0399135394460806,52
"685","poverty_rate_z",-0.0458583828916111,0.235404013563849,-0.507241771292933,0.415525005509711,52
"686","disability_rate_z",-0.111518482112584,0.265069891771692,-0.631045923371029,0.408008959145861,52
"687","noinsurance_rate_z",-0.229279938750569,0.226022816025721,-0.672276517845305,0.213716640344168,52
"688","rural_factor3",-1.16205707624048,0.46788656001385,-2.07909788271797,-0.245016269763,52
"689","rural_factor4",-0.709598192246822,0.433681220141887,-1.55959776449631,0.140401380002663,52
"690","rural_factor5",-1.09167692844598,0.497254613828069,-2.06627806269537,-0.117075794196594,52
"691","rural_factor6",-0.963539337353347,0.548398142457877,-2.03837994575945,0.111301271052758,52
"692","(Intercept)",-9.07704482804962,0.299582340565721,-9.66421542596264,-8.48987423013659,53
"693","ER_annual_percapita_z",-0.224086600677312,0.0877487768754821,-0.396071043040698,-0.0521021583139258,53
"694","BUPRENORPHINE_annual_percapita_z",0.28192088877714,0.150903403835796,-0.0138443478855237,0.577686125439803,53
"695","rural_factor3",-1.12699390867027,0.450050757642165,-2.00907718486388,-0.244910632476662,53
"696","rural_factor4",-0.631573923680781,0.410711905995408,-1.43655446745358,0.173406620092018,53
"697","rural_factor5",-0.979348332115304,0.471145940761426,-1.90277740746994,-0.0559192567606676,53
"698","rural_factor6",-0.918780721698284,0.542201105492334,-1.98147536084106,0.143913917444492,53
"699","intervention2017",-0.140353519349265,0.0718858674182654,-0.281247230486486,0.000540191787956557,53
"700","poverty_rate_z",-0.0888181764776813,0.23925541097925,-0.557750165103341,0.380113812147978,53
"701","disability_rate_z",-0.187292168537682,0.252176067879819,-0.681548179345055,0.306963842269692,53
"702","noinsurance_rate_z",-0.226582256915444,0.221387695602151,-0.660494166915977,0.207329653085089,53
"703","(Intercept)",-8.92824246422572,0.388859628949622,-9.69039333200859,-8.16609159644285,54
"704","ER_annual_percapita_z",-0.244887051641742,0.0891401819727484,-0.419598597883675,-0.0701755053998084,54
"705","METHADONE_annual_percapita_z",-0.205588111502199,0.119305605182905,-0.439422800814449,0.0282465778100503,54
"706","rural_factor3",-1.24802059648909,0.481745364232856,-2.19222416010462,-0.303817032873562,54
"707","rural_factor4",-0.688997231277425,0.449048772808963,-1.5691166532849,0.191122190730051,54
"708","rural_factor5",-1.20221659835888,0.51233245467895,-2.20636975764062,-0.198063439077139,54
"709","rural_factor6",-1.05257489057081,0.622677493015676,-2.27300035086522,0.167850569723606,54
"710","intervention2017",-0.182758423860786,0.0860522040445303,-0.351417644578358,-0.014099203143215,54
"711","poverty_rate_z",-0.1157932789332,0.314991166856216,-0.733164621419631,0.501578063553231,54
"712","disability_rate_z",0.0167751536060384,0.270983306625224,-0.514342367790974,0.547892675003051,54
"713","noinsurance_rate_z",-0.121836618196534,0.20743411772572,-0.528400018103787,0.284726781710718,54
"714","(Intercept)",-9.08407259540285,0.283956398484623,-9.64061690961242,-8.52752828119329,55
"715","OXYCODONE_annual_percapita_z",-0.321303711261977,0.157420893858852,-0.62984299363943,-0.0127644288845237,55
"716","BUPRENORPHINE_annual_percapita_z",0.32692887823045,0.156927971511735,0.0193557059005213,0.634502050560378,55
"717","METHADONE_annual_percapita_z",0.0764773727163391,0.14357397394908,-0.20492244534115,0.357877190773828,55
"718","intervention2017",-0.288452435768993,0.103114503595182,-0.490553149099275,-0.0863517224387104,55
"719","poverty_rate_z",-0.193500468864645,0.226491932947177,-0.637416500229973,0.250415562500683,55
"720","disability_rate_z",-0.0162611852996315,0.262652732994024,-0.531051082408933,0.49852871180967,55
"721","noinsurance_rate_z",-0.233517281652657,0.220051387674002,-0.664810076241761,0.197775512936448,55
"722","rural_factor3",-0.938080290262282,0.448928352355127,-1.81796369251724,-0.0581968880073264,55
"723","rural_factor4",-0.429576117926949,0.422576161405448,-1.25781017500681,0.398657939152914,55
"724","rural_factor5",-0.68914835989342,0.500022322853615,-1.66917410415256,0.290877384365725,55
"725","rural_factor6",-1.00675141244148,0.531385491972045,-2.04824783861379,0.0347450137308212,55
"726","(Intercept)",-9.05180248403463,0.286813636052634,-9.61394688097278,-8.48965808709649,56
"727","OXYCODONE_annual_percapita_z",-0.271869295594695,0.12648974548026,-0.519784641149643,-0.0239539500397472,56
"728","BUPRENORPHINE_annual_percapita_z",0.292684535660274,0.147519469769528,0.00355168789355409,0.581817383426993,56
"729","rural_factor3",-0.949804749432507,0.45593224828771,-1.84341553546679,-0.0561939633982216,56
"730","rural_factor4",-0.475424028377108,0.416908749763916,-1.29255016275401,0.341702105999789,56
"731","rural_factor5",-0.758165647634549,0.484905907945187,-1.70856376309781,0.192232467828712,56
"732","rural_factor6",-1.01517130992054,0.539725278008088,-2.07301341636226,0.0426707965211799,56
"733","intervention2017",-0.293093790521546,0.103206304675188,-0.495374430662382,-0.0908131503807096,56
"734","poverty_rate_z",-0.157904318823203,0.22613629200737,-0.601123306755081,0.285314669108675,56
"735","disability_rate_z",-0.0113767277916081,0.267006878165676,-0.534700592620807,0.511947137037591,56
"736","noinsurance_rate_z",-0.23979164726361,0.222607038921316,-0.676093426254495,0.196510131727275,56
"737","(Intercept)",-9.02150894654023,0.306134010145233,-9.62152058086771,-8.42149731221276,57
"738","OXYCODONE_annual_percapita_z",-0.234710709414531,0.153836697057703,-0.536225095148227,0.0668036763191654,57
"739","METHADONE_annual_percapita_z",-0.0257582518169956,0.1366324461884,-0.293552925465866,0.242036421831875,57
"740","rural_factor3",-1.06077061107955,0.478673581209909,-1.99895359060178,-0.122587631557315,57
"741","rural_factor4",-0.437426582733894,0.453721965622235,-1.3267052943482,0.451852128880407,57
"742","rural_factor5",-0.895565586654655,0.525765453897253,-1.92604694060862,0.134915767299314,57
"743","rural_factor6",-1.11730424628162,0.557894574250039,-2.210757518982,-0.0238509735812316,57
"744","intervention2017",-0.217972619179243,0.0956175972297366,-0.405379666037783,-0.0305655723207021,57
"745","poverty_rate_z",-0.249292930986399,0.249917384267397,-0.739122003260955,0.240536141288157,57
"746","disability_rate_z",0.117228568632201,0.274702450364919,-0.421178340547942,0.655635477812344,57
"747","noinsurance_rate_z",-0.0967399467593739,0.211116205578519,-0.510520106246025,0.317040212727277,57
"748","(Intercept)",-9.03934106497647,0.344647560376989,-9.71483787067496,-8.36384425927798,58
"749","BUPRENORPHINE_annual_percapita_z",0.213624218417045,0.169768615084693,-0.119116152854196,0.546364589688286,58
"750","METHADONE_annual_percapita_z",-0.104588533052249,0.119171260111863,-0.338159910863755,0.128982844759257,58
"751","rural_factor3",-1.00304305022197,0.475625557050011,-1.93525201216679,-0.0708340882771495,58
"752","rural_factor4",-0.607072885423092,0.442605711015534,-1.47456413836528,0.260418367519097,58
"753","rural_factor5",-0.98573901320823,0.509192889926686,-1.9837387386484,0.0122607122319421,58
"754","rural_factor6",-1.00839746285899,0.584631765353697,-2.15425466717031,0.137459741452326,58
"755","intervention2017",-0.180625591733089,0.0876710970261189,-0.352457784389398,-0.00879339907677901,58
"756","poverty_rate_z",-0.0537663875206469,0.280016841384805,-0.602589311699529,0.495056536658235,58
"757","disability_rate_z",-0.125504052076975,0.284696111032444,-0.683498176239181,0.43249007208523,58
"758","noinsurance_rate_z",-0.253761537014465,0.233108364166745,-0.710645535276331,0.203122461247402,58
"759","(Intercept)",-9.01395665047564,0.33490725888946,-9.67036281606001,-8.35755048489127,59
"760","ER_annual_percapita_z",-0.224014844289157,0.0877547851954689,-0.396011062743325,-0.0520186258349897,59
"761","OXYCODONE_annual_percapita_z",-0.272707383882206,0.160743305853097,-0.587758474110183,0.0423437063457714,59
"762","BUPRENORPHINE_annual_percapita_z",0.318751936309482,0.163789747790372,-0.00227007039654498,0.63977394301551,59
"763","METHADONE_annual_percapita_z",-0.00207550472575167,0.1450798800315,-0.286426844468884,0.282275835017381,59
"764","intervention2017",-0.300689514961285,0.103093004987938,-0.502748091795653,-0.0986309381269179,59
"765","poverty_rate_z",-0.161305564445877,0.289988030999263,-0.729671661152117,0.407060532260364,59
"766","disability_rate_z",-0.0179892207582224,0.26941333484595,-0.546029654011114,0.510051212494669,59
"767","noinsurance_rate_z",-0.215877842412162,0.216510590713197,-0.64023080248152,0.208475117657196,59
"768","rural_factor3",-1.09502149440717,0.443564420407065,-1.9643917832284,-0.22565120558594,59
"769","rural_factor4",-0.553431715324587,0.420200122949973,-1.37700882260584,0.270145391956663,59
"770","rural_factor5",-0.827924641025934,0.498816748340382,-1.80558750265846,0.149738220606595,59
"771","rural_factor6",-0.973285637839201,0.569293881937738,-2.08908114305616,0.142509867377762,59
"772","(Intercept)",-9.0148362156755,0.320080185771816,-9.64218185195315,-8.38749057939785,60
"773","ER_annual_percapita_z",-0.223712035904012,0.0864353556099983,-0.393122219890521,-0.0543018519175032,60
"774","OXYCODONE_annual_percapita_z",-0.274068146752056,0.128075923192667,-0.525092343496402,-0.0230439500077098,60
"775","BUPRENORPHINE_annual_percapita_z",0.319628350626215,0.153225035941203,0.0193127986516028,0.619943902600828,60
"776","rural_factor3",-1.0944827713216,0.441479474223268,-1.95976664071289,-0.229198901930317,60
"777","rural_factor4",-0.552103284471145,0.404131686980036,-1.34418683596343,0.239980267021139,60
"778","rural_factor5",-0.825910881119664,0.469436992744117,-1.74599047990892,0.0941687176695946,60
"779","rural_factor6",-0.973177759041848,0.561906362083598,-2.07449399140962,0.128138473325927,60
"780","intervention2017",-0.300562708316254,0.102809189101263,-0.502065016234498,-0.0990604003980095,60
"781","poverty_rate_z",-0.162245480654731,0.273011616315483,-0.697338415994146,0.372847454684684,60
"782","disability_rate_z",-0.0180466773011859,0.26806822990433,-0.543450753313076,0.507357398710704,60
"783","noinsurance_rate_z",-0.215735338325803,0.216367437538909,-0.639807723329283,0.208337046677677,60
"784","(Intercept)",-8.95080360685055,0.305516723302256,-9.54960538119766,-8.35200183250343,61
"785","ER_annual_percapita_z",-0.227043097739841,0.0881484269947014,-0.399810839943314,-0.0542753555363679,61
"786","OXYCODONE_annual_percapita_z",-0.186635056749302,0.151449822357696,-0.483471254035375,0.110201140536771,61
"787","METHADONE_annual_percapita_z",-0.105666437673363,0.139337514769143,-0.378762948316201,0.167430072969474,61
"788","rural_factor3",-1.22460778937254,0.47489039027065,-2.15537585090719,-0.2938397278379,61
"789","rural_factor4",-0.567269682580636,0.448924711182046,-1.44714594826749,0.312606583106218,61
"790","rural_factor5",-1.04285205677004,0.52182604562927,-2.06561231239837,-0.0200918011417186,61
"791","rural_factor6",-1.07692857246383,0.547684887744292,-2.1503712273195,-0.00348591760815475,61
"792","intervention2017",-0.233329445543217,0.0955706257015639,-0.42064442989824,-0.0460144611881938,61
"793","poverty_rate_z",-0.217434877468933,0.244137249974072,-0.695935094702766,0.261065339764901,61
"794","disability_rate_z",0.111057872830605,0.270641550612477,-0.419389819089924,0.641505564751134,61
"795","noinsurance_rate_z",-0.0861858298364105,0.207573187908949,-0.493021802294115,0.320650142621294,61
"796","(Intercept)",-8.97808290806848,NA,NA,NA,62
"797","ER_annual_percapita_z",-0.249037085736657,NA,NA,NA,62
"798","BUPRENORPHINE_annual_percapita_z",0.226690131671407,NA,NA,NA,62
"799","METHADONE_annual_percapita_z",-0.163223287009227,NA,NA,NA,62
"800","rural_factor3",-1.16206744787723,NA,NA,NA,62
"801","rural_factor4",-0.709589803632777,NA,NA,NA,62
"802","rural_factor5",-1.09170220539063,NA,NA,NA,62
"803","rural_factor6",-0.963544289049352,NA,NA,NA,62
"804","intervention2017",-0.212938076946365,NA,NA,NA,62
"805","poverty_rate_z",-0.0458783158765939,NA,NA,NA,62
"806","disability_rate_z",-0.111493335747331,NA,NA,NA,62
"807","noinsurance_rate_z",-0.229277068511176,NA,NA,NA,62
"808","(Intercept)",-9.0840716410491,0.221723181871642,-9.51864109205514,-8.64950219004306,63
"809","OXYCODONE_annual_percapita_z",-0.321303309534901,0.154250175210208,-0.623628097555902,-0.0189785215139001,63
"810","BUPRENORPHINE_annual_percapita_z",0.326929430284449,0.147403201783999,0.0380244635819217,0.615834396986976,63
"811","METHADONE_annual_percapita_z",0.0764772516978199,0.143523102238809,-0.204822859639705,0.357777363035345,63
"812","rural_factor3",-0.93808023317049,0.447760257167796,-1.81567421092776,-0.0604862554132168,63
"813","rural_factor4",-0.429576349396126,0.418162435043159,-1.24915966176829,0.390006962976036,63
"814","rural_factor5",-0.689148838515153,0.494016220929492,-1.65740283931554,0.279105162285234,63
"815","rural_factor6",-1.00675193428799,0.491832889543941,-1.97072668420638,-0.0427771843695999,63
"816","intervention2017",-0.28845242346288,0.103103119103943,-0.490530823600352,-0.0863740233254077,63
"817","poverty_rate_z",-0.193499135519022,0.145953995949731,-0.4795637109802,0.0925654399421554,63
"818","disability_rate_z",-0.0162622984853491,0.249012038404366,-0.504316925474812,0.471792328504114,63
"819","noinsurance_rate_z",-0.233517262153927,0.219883756671044,-0.664481506014543,0.197446981706689,63
"820","(Intercept)",-9.01395833219879,0.190966737440679,-9.38824625982763,-8.63967040456994,64
"821","ER_annual_percapita_z",-0.224014852969413,0.0877330307297972,-0.395968433454361,-0.0520612724844646,64
"822","OXYCODONE_annual_percapita_z",-0.272707795102162,0.148087580069033,-0.562954118595159,0.0175385283908351,64
"823","BUPRENORPHINE_annual_percapita_z",0.318751470421012,0.141887905263371,0.0406562862629734,0.596846654579051,64
"824","METHADONE_annual_percapita_z",-0.00207536667662865,0.144553825388399,-0.285395658265381,0.281244924912124,64
"825","rural_factor3",-1.09502155324517,0.443400318496934,-1.96407020823275,-0.225972898257588,64
"826","rural_factor4",-0.55343122682821,0.410403938227295,-1.35780816486711,0.25094571121069,64
"827","rural_factor5",-0.827924090599304,0.489278530525641,-1.78689238883824,0.131044207639634,64
"828","rural_factor6",-0.973283343140245,0.43944365480262,-1.83457707978803,-0.111989606492459,64
"829","intervention2017",-0.300689545565377,0.102882380979976,-0.502335306929858,-0.0990437842008954,64
"830","poverty_rate_z",-0.161307408175986,0.0134519436626362,-0.187672733276815,-0.134942083075157,64
"831","disability_rate_z",-0.0179885118060228,0.243753606852202,-0.495736802338075,0.459759778726029,64
"832","noinsurance_rate_z",-0.215877652076692,0.21538585849466,-0.638026177505465,0.206270873352082,64
"833","(Intercept)",-9.8826709034427,0.385920161564464,-10.6390605210169,-9.12628128586847,65
"834","ER_annual_percapita_z",-0.200933218716523,0.0867234562146714,-0.370908069512115,-0.0309583679209311,65
"835","(Intercept)",-9.85787301932099,0.364354406149744,-10.571994532983,-9.14375150565901,66
"836","OXYCODONE_annual_percapita_z",-0.0217060042757364,0.076991282585698,-0.17260614526725,0.129194136715778,66
"837","(Intercept)",-9.85454416699298,0.364593581584547,-10.5691344558932,-9.13995387809281,67
"838","BUPRENORPHINE_annual_percapita_z",0.0445822887517022,0.109931208741492,-0.170878921158578,0.260043498661982,67
"839","(Intercept)",-9.85776559045334,0.361121543510019,-10.5655508097745,-9.14998037113219,68
"840","METHADONE_annual_percapita_z",-0.0247501637496348,0.0775302732377924,-0.176706707007258,0.127206379507988,68
"841","(Intercept)",-9.87701608874259,0.200952553455718,-10.2708758561172,-9.48315632136802,69
"842","poverty_rate_z",-0.363115891422426,0.228520585584651,-0.811008008894344,0.0847762260494924,69
"843","(Intercept)",-9.87320677834028,0.33154686458381,-10.5230266921117,-9.22338686456883,70
"844","disability_rate_z",-0.0696946588169143,0.209498936344381,-0.48030502885135,0.340915711217521,70
"845","(Intercept)",-9.88363545299232,0.340596253226987,-10.5511918425865,-9.21607906339814,71
"846","noinsurance_rate_z",-0.166069229955361,0.160824924861304,-0.481280290499876,0.149141830589154,71
"847","(Intercept)",-8.94914595155442,0.326972065660621,-9.5899994241999,-8.30829247890893,72
"848","rural_factor3",-1.1184015267444,0.425526158484497,-1.9524174718537,-0.2843855816351,72
"849","rural_factor4",-0.605901563835255,0.406321330218317,-1.40227673721356,0.190473609543053,72
"850","rural_factor5",-1.27028030274112,0.456177024368163,-2.16437084107736,-0.376189764404866,72
"851","rural_factor6",-1.31881903530295,0.503458319963712,-2.30557921014887,-0.33205886045703,72
"852","(Intercept)",-9.82516423382452,0.365958926673076,-10.5424305499247,-9.10789791772436,73
"853","intervention2017",-0.074073337406932,0.0602692106634617,-0.192198819683974,0.0440521448701104,73
